<?xml version="1.0" encoding="UTF-8"?>
<!DOCTYPE mapper PUBLIC "-//mybatis.org//DTD Mapper 3.0//EN" "http://mybatis.org/dtd/mybatis-3-mapper.dtd">
<mapper namespace="com.cj.mapper.MyUserMapper">
  <resultMap id="BaseResultMap" type="com.cj.entity.MyUser">
    <id column="uid" jdbcType="BIGINT" property="uid" />
    <result column="userName" jdbcType="VARCHAR" property="username" />
    <result column="passWord" jdbcType="VARCHAR" property="password" />
    <result column="remark" jdbcType="VARCHAR" property="remark" />
  </resultMap>
  <sql id="Base_Column_List">
    uid, userName, passWord, remark
  </sql>
  <select id="selectByPrimaryKey" parameterType="java.lang.Long" resultMap="BaseResultMap">
    select
    <include refid="Base_Column_List" />
    from myuser
    where uid = #{uid,jdbcType=BIGINT}
  </select>
  <delete id="deleteByPrimaryKey" parameterType="java.lang.Long">
    delete from myuser
    where uid = #{uid,jdbcType=BIGINT}
  </delete>
  <insert id="insert" parameterType="com.cj.entity.MyUser">
    insert into myuser (uid, userName, passWord, 
      remark)
    values (#{uid,jdbcType=BIGINT}, #{username,jdbcType=VARCHAR}, #{password,jdbcType=VARCHAR}, 
      #{remark,jdbcType=VARCHAR})
  </insert>
  <insert id="insertSelective" parameterType="com.cj.entity.MyUser">
    insert into myuser
    <trim prefix="(" suffix=")" suffixOverrides=",">
      <if test="uid != null">
        uid,
      </if>
      <if test="username != null">
        userName,
      </if>
      <if test="password != null">
        passWord,
      </if>
      <if test="remark != null">
        remark,
      </if>
    </trim>
    <trim prefix="values (" suffix=")" suffixOverrides=",">
      <if test="uid != null">
        #{uid,jdbcType=BIGINT},
      </if>
      <if test="username != null">
        #{username,jdbcType=VARCHAR},
      </if>
      <if test="password != null">
        #{password,jdbcType=VARCHAR},
      </if>
      <if test="remark != null">
        #{remark,jdbcType=VARCHAR},
      </if>
    </trim>
  </insert>
  <update id="updateByPrimaryKeySelective" parameterType="com.cj.entity.MyUser">
    update myuser
    <set>
      <if test="username != null">
        userName = #{username,jdbcType=VARCHAR},
      </if>
      <if test="password != null">
        passWord = #{password,jdbcType=VARCHAR},
      </if>
      <if test="remark != null">
        remark = #{remark,jdbcType=VARCHAR},
      </if>
    </set>
    where uid = #{uid,jdbcType=BIGINT}
  </update>
  <update id="updateByPrimaryKey" parameterType="com.cj.entity.MyUser">
    update myuser
    set userName = #{username,jdbcType=VARCHAR},
      passWord = #{password,jdbcType=VARCHAR},
      remark = #{remark,jdbcType=VARCHAR}
    where uid = #{uid,jdbcType=BIGINT}
  </update>
</mapper>